period,race,sex,age,value
Population 2020,Asian/Pacific Islander,Female,0,2955.06
Population 2020,Asian/Pacific Islander,Female,5,2815.43
Population 2020,Asian/Pacific Islander,Female,10,2642.75
Population 2020,Asian/Pacific Islander,Female,15,3360.16
Population 2020,Asian/Pacific Islander,Female,20,3565.02
Population 2020,Asian/Pacific Islander,Female,25,5622.37
Population 2020,Asian/Pacific Islander,Female,30,5870.85
Population 2020,Asian/Pacific Islander,Female,35,4704.99
Population 2020,Asian/Pacific Islander,Female,40,4315.3
Population 2020,Asian/Pacific Islander,Female,45,3876.86
Population 2020,Asian/Pacific Islander,Female,50,2903.49
Population 2020,Asian/Pacific Islander,Female,55,2168.92
Population 2020,Asian/Pacific Islander,Female,60,1885.92
Population 2020,Asian/Pacific Islander,Female,65,1418.12
Population 2020,Asian/Pacific Islander,Female,70,1137.0
Population 2020,Asian/Pacific Islander,Female,75,618.99
Population 2020,Asian/Pacific Islander,Female,80,343.64
Population 2020,Asian/Pacific Islander,Female,85,347.63
Population 2020,Asian/Pacific Islander,Male,0,3126.21
Population 2020,Asian/Pacific Islander,Male,5,3048.37
Population 2020,Asian/Pacific Islander,Male,10,2715.59
Population 2020,Asian/Pacific Islander,Male,15,3341.25
Population 2020,Asian/Pacific Islander,Male,20,3804.48
Population 2020,Asian/Pacific Islander,Male,25,6166.68
Population 2020,Asian/Pacific Islander,Male,30,6531.81
Population 2020,Asian/Pacific Islander,Male,35,4988.91
Population 2020,Asian/Pacific Islander,Male,40,4205.01
Population 2020,Asian/Pacific Islander,Male,45,3943.63
Population 2020,Asian/Pacific Islander,Male,50,2819.96
Population 2020,Asian/Pacific Islander,Male,55,2145.65
Population 2020,Asian/Pacific Islander,Male,60,1526.42
Population 2020,Asian/Pacific Islander,Male,65,1131.01
Population 2020,Asian/Pacific Islander,Male,70,847.22
Population 2020,Asian/Pacific Islander,Male,75,522.07
Population 2020,Asian/Pacific Islander,Male,80,365.53
Population 2020,Asian/Pacific Islander,Male,85,229.38
Population 2020,Black non-Hispanic,Female,0,3349.81
Population 2020,Black non-Hispanic,Female,5,3391.69
Population 2020,Black non-Hispanic,Female,10,3426.86
Population 2020,Black non-Hispanic,Female,15,3672.84
Population 2020,Black non-Hispanic,Female,20,3867.66
Population 2020,Black non-Hispanic,Female,25,5222.31
Population 2020,Black non-Hispanic,Female,30,5001.5
Population 2020,Black non-Hispanic,Female,35,4292.57
Population 2020,Black non-Hispanic,Female,40,3671.29
Population 2020,Black non-Hispanic,Female,45,3527.3
Population 2020,Black non-Hispanic,Female,50,3338.15
Population 2020,Black non-Hispanic,Female,55,3310.75
Population 2020,Black non-Hispanic,Female,60,3041.39
Population 2020,Black non-Hispanic,Female,65,2322.7
Population 2020,Black non-Hispanic,Female,70,1532.68
Population 2020,Black non-Hispanic,Female,75,945.93
Population 2020,Black non-Hispanic,Female,80,627.83
Population 2020,Black non-Hispanic,Female,85,629.81
Population 2020,Black non-Hispanic,Male,0,3421.28
Population 2020,Black non-Hispanic,Male,5,3370.27
Population 2020,Black non-Hispanic,Male,10,3445.28
Population 2020,Black non-Hispanic,Male,15,3500.83
Population 2020,Black non-Hispanic,Male,20,4032.78
Population 2020,Black non-Hispanic,Male,25,5920.94
Population 2020,Black non-Hispanic,Male,30,5472.06
Population 2020,Black non-Hispanic,Male,35,4729.47
Population 2020,Black non-Hispanic,Male,40,3992.85
Population 2020,Black non-Hispanic,Male,45,3826.99
Population 2020,Black non-Hispanic,Male,50,3439.94
Population 2020,Black non-Hispanic,Male,55,3269.5
Population 2020,Black non-Hispanic,Male,60,2842.19
Population 2020,Black non-Hispanic,Male,65,1940.93
Population 2020,Black non-Hispanic,Male,70,1144.83
Population 2020,Black non-Hispanic,Male,75,592.72
Population 2020,Black non-Hispanic,Male,80,350.7
Population 2020,Black non-Hispanic,Male,85,265.23
Population 2020,Hispanic,Female,0,
Population 2020,Hispanic,Female,5,
Population 2020,Hispanic,Female,10,
Population 2020,Hispanic,Female,15,
Population 2020,Hispanic,Female,20,
Population 2020,Hispanic,Female,25,
Population 2020,Hispanic,Female,30,
Population 2020,Hispanic,Female,35,
Population 2020,Hispanic,Female,40,
Population 2020,Hispanic,Female,45,
Population 2020,Hispanic,Female,50,
Population 2020,Hispanic,Female,55,
Population 2020,Hispanic,Female,60,
Population 2020,Hispanic,Female,65,
Population 2020,Hispanic,Female,80,
Population 2020,Hispanic,Female,75,
Population 2020,Hispanic,Female,70,
Population 2020,Hispanic,Female,85,
Population 2020,Hispanic,Male,0,
Population 2020,Hispanic,Male,5,
Population 2020,Hispanic,Male,10,
Population 2020,Hispanic,Male,15,
Population 2020,Hispanic,Male,20,
Population 2020,Hispanic,Male,25,
Population 2020,Hispanic,Male,30,
Population 2020,Hispanic,Male,35,
Population 2020,Hispanic,Male,40,
Population 2020,Hispanic,Male,45,
Population 2020,Hispanic,Male,50,
Population 2020,Hispanic,Male,55,
Population 2020,Hispanic,Male,60,
Population 2020,Hispanic,Male,65,
Population 2020,Hispanic,Male,70,
Population 2020,Hispanic,Male,75,
Population 2020,Hispanic,Male,80,
Population 2020,Hispanic,Male,85,
Population 2020,Am. Indian/Alaska Native,Female,0,
Population 2020,Am. Indian/Alaska Native,Female,5,
Population 2020,Am. Indian/Alaska Native,Female,10,912.0
Population 2020,Am. Indian/Alaska Native,Female,15,1032.0
Population 2020,Am. Indian/Alaska Native,Female,20,988.0
Population 2020,Am. Indian/Alaska Native,Female,25,1298.0
Population 2020,Am. Indian/Alaska Native,Female,30,1111.0
Population 2020,Am. Indian/Alaska Native,Female,35,1023.0
Population 2020,Am. Indian/Alaska Native,Female,40,1046.0
Population 2020,Am. Indian/Alaska Native,Female,45,902.0
Population 2020,Am. Indian/Alaska Native,Female,50,760.0
Population 2020,Am. Indian/Alaska Native,Female,55,708.0
Population 2020,Am. Indian/Alaska Native,Female,60,539.0
Population 2020,Am. Indian/Alaska Native,Female,65,385.0
Population 2020,Am. Indian/Alaska Native,Female,70,266.0
Population 2020,Am. Indian/Alaska Native,Female,75,139.0
Population 2020,Am. Indian/Alaska Native,Female,80,75.0
Population 2020,Am. Indian/Alaska Native,Female,85,70.0
Population 2020,Am. Indian/Alaska Native,Male,0,
Population 2020,Am. Indian/Alaska Native,Male,5,
Population 2020,Am. Indian/Alaska Native,Male,10,1042.0
Population 2020,Am. Indian/Alaska Native,Male,15,1059.0
Population 2020,Am. Indian/Alaska Native,Male,20,1035.0
Population 2020,Am. Indian/Alaska Native,Male,25,1300.0
Population 2020,Am. Indian/Alaska Native,Male,30,1324.0
Population 2020,Am. Indian/Alaska Native,Male,35,1205.0
Population 2020,Am. Indian/Alaska Native,Male,40,1044.0
Population 2020,Am. Indian/Alaska Native,Male,45,972.0
Population 2020,Am. Indian/Alaska Native,Male,50,753.0
Population 2020,Am. Indian/Alaska Native,Male,55,690.0
Population 2020,Am. Indian/Alaska Native,Male,60,580.0
Population 2020,Am. Indian/Alaska Native,Male,65,400.0
Population 2020,Am. Indian/Alaska Native,Male,70,216.0
Population 2020,Am. Indian/Alaska Native,Male,75,113.0
Population 2020,Am. Indian/Alaska Native,Male,80,58.0
Population 2020,Am. Indian/Alaska Native,Male,85,35.0
Population 2020,White non-Hispanic,Female,0,13753.13
Population 2020,White non-Hispanic,Female,5,13609.88
Population 2020,White non-Hispanic,Female,10,13685.38
Population 2020,White non-Hispanic,Female,15,14875.99
Population 2020,White non-Hispanic,Female,20,17216.32
Population 2020,White non-Hispanic,Female,25,29415.32
Population 2020,White non-Hispanic,Female,30,31323.65
Population 2020,White non-Hispanic,Female,35,27031.44
Population 2020,White non-Hispanic,Female,40,22589.4
Population 2020,White non-Hispanic,Female,45,21202.83
Population 2020,White non-Hispanic,Female,50,19746.37
Population 2020,White non-Hispanic,Female,55,19920.33
Population 2020,White non-Hispanic,Female,60,19455.69
Population 2020,White non-Hispanic,Female,65,17163.18
Population 2020,White non-Hispanic,Female,70,12578.32
Population 2020,White non-Hispanic,Female,75,7601.08
Population 2020,White non-Hispanic,Female,80,4844.53
Population 2020,White non-Hispanic,Female,85,6313.56
Population 2020,White non-Hispanic,Male,0,14417.51
Population 2020,White non-Hispanic,Male,5,14320.36
Population 2020,White non-Hispanic,Male,10,14533.13
Population 2020,White non-Hispanic,Male,15,15398.92
Population 2020,White non-Hispanic,Male,20,16779.74
Population 2020,White non-Hispanic,Male,25,30579.38
Population 2020,White non-Hispanic,Male,30,33860.12
Population 2020,White non-Hispanic,Male,35,30242.61
Population 2020,White non-Hispanic,Male,40,25511.14
Population 2020,White non-Hispanic,Male,45,24668.38
Population 2020,White non-Hispanic,Male,50,22226.11
Population 2020,White non-Hispanic,Male,55,20990.85
Population 2020,White non-Hispanic,Male,60,19518.39
Population 2020,White non-Hispanic,Male,65,16074.06
Population 2020,White non-Hispanic,Male,70,12012.95
Population 2020,White non-Hispanic,Male,75,6544.21
Population 2020,White non-Hispanic,Male,80,3549.77
Population 2020,White non-Hispanic,Male,85,3363.38
Population 2020,Asian/Pacific Islander,Total,0,6081.27
Population 2020,Asian/Pacific Islander,Total,5,5863.79
Population 2020,Asian/Pacific Islander,Total,10,5358.35
Population 2020,Asian/Pacific Islander,Total,15,6701.41
Population 2020,Asian/Pacific Islander,Total,20,7369.5
Population 2020,Asian/Pacific Islander,Total,25,11789.05
Population 2020,Asian/Pacific Islander,Total,30,12402.67
Population 2020,Asian/Pacific Islander,Total,35,9693.9
Population 2020,Asian/Pacific Islander,Total,40,8520.32
Population 2020,Asian/Pacific Islander,Total,45,7820.49
Population 2020,Asian/Pacific Islander,Total,50,5723.44
Population 2020,Asian/Pacific Islander,Total,55,4314.56
Population 2020,Asian/Pacific Islander,Total,60,3412.34
Population 2020,Asian/Pacific Islander,Total,65,2549.13
Population 2020,Asian/Pacific Islander,Total,70,1984.22
Population 2020,Asian/Pacific Islander,Total,75,1141.06
Population 2020,Asian/Pacific Islander,Total,80,709.16
Population 2020,Asian/Pacific Islander,Total,85,577.01
Population 2020,Black non-Hispanic,Total,0,6771.09
Population 2020,Black non-Hispanic,Total,5,6761.96
Population 2020,Black non-Hispanic,Total,10,6872.14
Population 2020,Black non-Hispanic,Total,15,7173.67
Population 2020,Black non-Hispanic,Total,20,7900.44
Population 2020,Black non-Hispanic,Total,25,11143.25
Population 2020,Black non-Hispanic,Total,30,10473.56
Population 2020,Black non-Hispanic,Total,35,9022.05
Population 2020,Black non-Hispanic,Total,40,7664.14
Population 2020,Black non-Hispanic,Total,45,7354.3
Population 2020,Black non-Hispanic,Total,50,6778.08
Population 2020,Black non-Hispanic,Total,55,6580.26
Population 2020,Black non-Hispanic,Total,60,5883.58
Population 2020,Black non-Hispanic,Total,65,4263.62
Population 2020,Black non-Hispanic,Total,70,2677.51
Population 2020,Black non-Hispanic,Total,75,1538.65
Population 2020,Black non-Hispanic,Total,80,978.53
Population 2020,Black non-Hispanic,Total,85,895.05
Population 2020,Hispanic,Total,0,
Population 2020,Hispanic,Total,5,
Population 2020,Hispanic,Total,10,
Population 2020,Hispanic,Total,15,
Population 2020,Hispanic,Total,20,
Population 2020,Hispanic,Total,25,
Population 2020,Hispanic,Total,30,
Population 2020,Hispanic,Total,35,
Population 2020,Hispanic,Total,40,
Population 2020,Hispanic,Total,45,
Population 2020,Hispanic,Total,50,
Population 2020,Hispanic,Total,55,
Population 2020,Hispanic,Total,60,
Population 2020,Hispanic,Total,65,
Population 2020,Hispanic,Total,70,
Population 2020,Hispanic,Total,75,
Population 2020,Hispanic,Total,80,
Population 2020,Hispanic,Total,85,
Population 2020,Am. Indian/Alaska Native,Total,0,
Population 2020,Am. Indian/Alaska Native,Total,5,
Population 2020,Am. Indian/Alaska Native,Total,10,1954.0
Population 2020,Am. Indian/Alaska Native,Total,15,2091.0
Population 2020,Am. Indian/Alaska Native,Total,20,2023.0
Population 2020,Am. Indian/Alaska Native,Total,25,2598.0
Population 2020,Am. Indian/Alaska Native,Total,30,2435.0
Population 2020,Am. Indian/Alaska Native,Total,35,2228.0
Population 2020,Am. Indian/Alaska Native,Total,40,2090.0
Population 2020,Am. Indian/Alaska Native,Total,45,1874.0
Population 2020,Am. Indian/Alaska Native,Total,50,1513.0
Population 2020,Am. Indian/Alaska Native,Total,55,1398.0
Population 2020,Am. Indian/Alaska Native,Total,60,1119.0
Population 2020,Am. Indian/Alaska Native,Total,65,785.0
Population 2020,Am. Indian/Alaska Native,Total,70,482.0
Population 2020,Am. Indian/Alaska Native,Total,75,252.0
Population 2020,Am. Indian/Alaska Native,Total,80,133.0
Population 2020,Am. Indian/Alaska Native,Total,85,105.0
Population 2020,White non-Hispanic,Total,0,28170.63
Population 2020,White non-Hispanic,Total,5,27930.25
Population 2020,White non-Hispanic,Total,10,28218.51
Population 2020,White non-Hispanic,Total,15,30274.92
Population 2020,White non-Hispanic,Total,20,33996.06
Population 2020,White non-Hispanic,Total,25,59994.7
Population 2020,White non-Hispanic,Total,30,65183.77
Population 2020,White non-Hispanic,Total,35,57274.05
Population 2020,White non-Hispanic,Total,40,48100.54
Population 2020,White non-Hispanic,Total,45,45871.21
Population 2020,White non-Hispanic,Total,50,41972.48
Population 2020,White non-Hispanic,Total,55,40911.18
Population 2020,White non-Hispanic,Total,60,38974.07
Population 2020,White non-Hispanic,Total,65,33237.25
Population 2020,White non-Hispanic,Total,70,24591.27
Population 2020,White non-Hispanic,Total,75,14145.29
Population 2020,White non-Hispanic,Total,80,8394.3
Population 2020,White non-Hispanic,Total,85,9676.94
Population 2020,Asian/Pacific Islander,Female,Total,50552.51
Population 2020,Black non-Hispanic,Female,Total,55173.1
Population 2020,Hispanic,Female,Total,
Population 2020,Am. Indian/Alaska Native,Female,Total,12748.0
Population 2020,White non-Hispanic,Female,Total,312326.41
Population 2020,Asian/Pacific Islander,Male,Total,51459.18
Population 2020,Black non-Hispanic,Male,Total,55558.8
Population 2020,Hispanic,Male,Total,
Population 2020,Am. Indian/Alaska Native,Male,Total,13414.0
Population 2020,White non-Hispanic,Male,Total,324591.0
Population 2020,Asian/Pacific Islander,Total,Total,102011.7
Population 2020,Black non-Hispanic,Total,Total,110731.9
Population 2020,Hispanic,Total,Total,
Population 2020,Am. Indian/Alaska Native,Total,Total,26162.0
Population 2020,White non-Hispanic,Total,Total,636917.38
Population 2020,Total,Female,0,36380.0
Population 2020,Total,Female,5,35968.0
Population 2020,Total,Female,10,37417.0
Population 2020,Total,Female,15,39670.0
Population 2020,Total,Female,20,41602.0
Population 2020,Total,Female,25,60046.0
Population 2020,Total,Female,30,61681.0
Population 2020,Total,Female,35,53584.0
Population 2020,Total,Female,40,46275.0
Population 2020,Total,Female,45,42509.0
Population 2020,Total,Female,50,37246.0
Population 2020,Total,Female,55,35048.0
Population 2020,Total,Female,60,32064.0
Population 2020,Total,Female,65,26353.0
Population 2020,Total,Female,70,18750.0
Population 2020,Total,Female,75,11279.0
Population 2020,Total,Female,80,7137.0
Population 2020,Total,Female,85,8686.0
Population 2020,Total,Male,0,38076.0
Population 2020,Total,Male,5,37898.0
Population 2020,Total,Male,10,39354.0
Population 2020,Total,Male,15,40434.0
Population 2020,Total,Male,20,42277.0
Population 2020,Total,Male,25,64029.0
Population 2020,Total,Male,30,68675.0
Population 2020,Total,Male,35,60603.0
Population 2020,Total,Male,40,51251.0
Population 2020,Total,Male,45,47681.0
Population 2020,Total,Male,50,40589.0
Population 2020,Total,Male,55,36356.0
Population 2020,Total,Male,60,31318.0
Population 2020,Total,Male,65,23922.0
Population 2020,Total,Male,70,17048.0
Population 2020,Total,Male,75,9275.0
Population 2020,Total,Male,80,5139.0
Population 2020,Total,Male,85,4589.0
Population 2020,Total,Total,0,74456.0
Population 2020,Total,Total,5,73866.0
Population 2020,Total,Total,10,76771.0
Population 2020,Total,Total,15,80104.0
Population 2020,Total,Total,20,83879.0
Population 2020,Total,Total,25,124075.0
Population 2020,Total,Total,30,130356.0
Population 2020,Total,Total,35,114187.0
Population 2020,Total,Total,40,97526.0
Population 2020,Total,Total,45,90190.0
Population 2020,Total,Total,50,77835.0
Population 2020,Total,Total,55,71404.0
Population 2020,Total,Total,60,63382.0
Population 2020,Total,Total,65,50275.0
Population 2020,Total,Total,70,35798.0
Population 2020,Total,Total,75,20554.0
Population 2020,Total,Total,80,12276.0
Population 2020,Total,Total,85,13275.0
Population 2020,Total,Female,Total,631695.0
Population 2020,Total,Male,Total,658514.0
Population 2020,Total,Total,Total,1290209.0
Net Migrants 2010s,Asian/Pacific Islander,Female,0,-400.0
Net Migrants 2010s,Asian/Pacific Islander,Female,5,48.0
Net Migrants 2010s,Asian/Pacific Islander,Female,10,301.0
Net Migrants 2010s,Asian/Pacific Islander,Female,15,1055.0
Net Migrants 2010s,Asian/Pacific Islander,Female,20,1800.0
Net Migrants 2010s,Asian/Pacific Islander,Female,25,3302.0
Net Migrants 2010s,Asian/Pacific Islander,Female,30,2097.0
Net Migrants 2010s,Asian/Pacific Islander,Female,35,1364.0
Net Migrants 2010s,Asian/Pacific Islander,Female,40,1003.0
Net Migrants 2010s,Asian/Pacific Islander,Female,45,752.0
Net Migrants 2010s,Asian/Pacific Islander,Female,50,602.0
Net Migrants 2010s,Asian/Pacific Islander,Female,55,342.0
Net Migrants 2010s,Asian/Pacific Islander,Female,60,439.0
Net Migrants 2010s,Asian/Pacific Islander,Female,65,292.0
Net Migrants 2010s,Asian/Pacific Islander,Female,70,235.0
Net Migrants 2010s,Asian/Pacific Islander,Female,75,118.0
Net Migrants 2010s,Asian/Pacific Islander,Female,80,27.0
Net Migrants 2010s,Asian/Pacific Islander,Female,85,84.0
Net Migrants 2010s,Asian/Pacific Islander,Male,0,-457.0
Net Migrants 2010s,Asian/Pacific Islander,Male,5,68.0
Net Migrants 2010s,Asian/Pacific Islander,Male,10,328.0
Net Migrants 2010s,Asian/Pacific Islander,Male,15,1185.0
Net Migrants 2010s,Asian/Pacific Islander,Male,20,2083.0
Net Migrants 2010s,Asian/Pacific Islander,Male,25,3789.0
Net Migrants 2010s,Asian/Pacific Islander,Male,30,2609.0
Net Migrants 2010s,Asian/Pacific Islander,Male,35,1617.0
Net Migrants 2010s,Asian/Pacific Islander,Male,40,708.0
Net Migrants 2010s,Asian/Pacific Islander,Male,45,791.0
Net Migrants 2010s,Asian/Pacific Islander,Male,50,386.0
Net Migrants 2010s,Asian/Pacific Islander,Male,55,257.0
Net Migrants 2010s,Asian/Pacific Islander,Male,60,278.0
Net Migrants 2010s,Asian/Pacific Islander,Male,65,206.0
Net Migrants 2010s,Asian/Pacific Islander,Male,70,164.0
Net Migrants 2010s,Asian/Pacific Islander,Male,75,84.0
Net Migrants 2010s,Asian/Pacific Islander,Male,80,83.0
Net Migrants 2010s,Asian/Pacific Islander,Male,85,29.0
Net Migrants 2010s,Black non-Hispanic,Female,0,84.0
Net Migrants 2010s,Black non-Hispanic,Female,5,229.0
Net Migrants 2010s,Black non-Hispanic,Female,10,23.0
Net Migrants 2010s,Black non-Hispanic,Female,15,464.0
Net Migrants 2010s,Black non-Hispanic,Female,20,765.0
Net Migrants 2010s,Black non-Hispanic,Female,25,1659.0
Net Migrants 2010s,Black non-Hispanic,Female,30,1098.0
Net Migrants 2010s,Black non-Hispanic,Female,35,767.0
Net Migrants 2010s,Black non-Hispanic,Female,40,579.0
Net Migrants 2010s,Black non-Hispanic,Female,45,546.0
Net Migrants 2010s,Black non-Hispanic,Female,50,430.0
Net Migrants 2010s,Black non-Hispanic,Female,55,304.0
Net Migrants 2010s,Black non-Hispanic,Female,60,382.0
Net Migrants 2010s,Black non-Hispanic,Female,65,270.0
Net Migrants 2010s,Black non-Hispanic,Female,70,119.0
Net Migrants 2010s,Black non-Hispanic,Female,75,58.0
Net Migrants 2010s,Black non-Hispanic,Female,80,59.0
Net Migrants 2010s,Black non-Hispanic,Female,85,35.0
Net Migrants 2010s,Black non-Hispanic,Male,0,35.0
Net Migrants 2010s,Black non-Hispanic,Male,5,200.0
Net Migrants 2010s,Black non-Hispanic,Male,10,10.0
Net Migrants 2010s,Black non-Hispanic,Male,15,252.0
Net Migrants 2010s,Black non-Hispanic,Male,20,681.0
Net Migrants 2010s,Black non-Hispanic,Male,25,2548.0
Net Migrants 2010s,Black non-Hispanic,Male,30,1934.0
Net Migrants 2010s,Black non-Hispanic,Male,35,1054.0
Net Migrants 2010s,Black non-Hispanic,Male,40,805.0
Net Migrants 2010s,Black non-Hispanic,Male,45,675.0
Net Migrants 2010s,Black non-Hispanic,Male,50,525.0
Net Migrants 2010s,Black non-Hispanic,Male,55,213.0
Net Migrants 2010s,Black non-Hispanic,Male,60,178.0
Net Migrants 2010s,Black non-Hispanic,Male,65,57.0
Net Migrants 2010s,Black non-Hispanic,Male,70,14.0
Net Migrants 2010s,Black non-Hispanic,Male,75,-25.0
Net Migrants 2010s,Black non-Hispanic,Male,80,-35.0
Net Migrants 2010s,Black non-Hispanic,Male,85,-14.0
Net Migrants 2010s,Hispanic,Female,0,
Net Migrants 2010s,Hispanic,Female,5,
Net Migrants 2010s,Hispanic,Female,10,
Net Migrants 2010s,Hispanic,Female,15,
Net Migrants 2010s,Hispanic,Female,20,
Net Migrants 2010s,Hispanic,Female,25,
Net Migrants 2010s,Hispanic,Female,30,
Net Migrants 2010s,Hispanic,Female,35,
Net Migrants 2010s,Hispanic,Female,40,
Net Migrants 2010s,Hispanic,Female,45,
Net Migrants 2010s,Hispanic,Female,50,
Net Migrants 2010s,Hispanic,Female,55,
Net Migrants 2010s,Hispanic,Female,60,
Net Migrants 2010s,Hispanic,Female,65,
Net Migrants 2010s,Hispanic,Female,70,
Net Migrants 2010s,Hispanic,Female,75,
Net Migrants 2010s,Hispanic,Female,80,
Net Migrants 2010s,Hispanic,Female,85,
Net Migrants 2010s,Hispanic,Male,0,
Net Migrants 2010s,Hispanic,Male,5,
Net Migrants 2010s,Hispanic,Male,10,
Net Migrants 2010s,Hispanic,Male,15,
Net Migrants 2010s,Hispanic,Male,20,
Net Migrants 2010s,Hispanic,Male,25,
Net Migrants 2010s,Hispanic,Male,30,
Net Migrants 2010s,Hispanic,Male,35,
Net Migrants 2010s,Hispanic,Male,40,
Net Migrants 2010s,Hispanic,Male,45,
Net Migrants 2010s,Hispanic,Male,50,
Net Migrants 2010s,Hispanic,Male,55,
Net Migrants 2010s,Hispanic,Male,60,
Net Migrants 2010s,Hispanic,Male,65,
Net Migrants 2010s,Hispanic,Male,70,
Net Migrants 2010s,Hispanic,Male,75,
Net Migrants 2010s,Hispanic,Male,80,
Net Migrants 2010s,Hispanic,Male,85,
Net Migrants 2010s,Am. Indian/Alaska Native,Female,0,
Net Migrants 2010s,Am. Indian/Alaska Native,Female,5,
Net Migrants 2010s,Am. Indian/Alaska Native,Female,10,-119.0
Net Migrants 2010s,Am. Indian/Alaska Native,Female,15,23.0
Net Migrants 2010s,Am. Indian/Alaska Native,Female,20,107.0
Net Migrants 2010s,Am. Indian/Alaska Native,Female,25,485.0
Net Migrants 2010s,Am. Indian/Alaska Native,Female,30,166.0
Net Migrants 2010s,Am. Indian/Alaska Native,Female,35,-42.0
Net Migrants 2010s,Am. Indian/Alaska Native,Female,40,30.0
Net Migrants 2010s,Am. Indian/Alaska Native,Female,45,50.0
Net Migrants 2010s,Am. Indian/Alaska Native,Female,50,43.0
Net Migrants 2010s,Am. Indian/Alaska Native,Female,55,11.0
Net Migrants 2010s,Am. Indian/Alaska Native,Female,60,-31.0
Net Migrants 2010s,Am. Indian/Alaska Native,Female,65,-16.0
Net Migrants 2010s,Am. Indian/Alaska Native,Female,70,-32.0
Net Migrants 2010s,Am. Indian/Alaska Native,Female,75,-24.0
Net Migrants 2010s,Am. Indian/Alaska Native,Female,80,-27.0
Net Migrants 2010s,Am. Indian/Alaska Native,Female,85,-62.0
Net Migrants 2010s,Am. Indian/Alaska Native,Male,0,
Net Migrants 2010s,Am. Indian/Alaska Native,Male,5,
Net Migrants 2010s,Am. Indian/Alaska Native,Male,10,-55.0
Net Migrants 2010s,Am. Indian/Alaska Native,Male,15,-5.0
Net Migrants 2010s,Am. Indian/Alaska Native,Male,20,87.0
Net Migrants 2010s,Am. Indian/Alaska Native,Male,25,363.0
Net Migrants 2010s,Am. Indian/Alaska Native,Male,30,194.0
Net Migrants 2010s,Am. Indian/Alaska Native,Male,35,-47.0
Net Migrants 2010s,Am. Indian/Alaska Native,Male,40,-81.0
Net Migrants 2010s,Am. Indian/Alaska Native,Male,45,-111.0
Net Migrants 2010s,Am. Indian/Alaska Native,Male,50,-29.0
Net Migrants 2010s,Am. Indian/Alaska Native,Male,55,-46.0
Net Migrants 2010s,Am. Indian/Alaska Native,Male,60,-53.0
Net Migrants 2010s,Am. Indian/Alaska Native,Male,65,-50.0
Net Migrants 2010s,Am. Indian/Alaska Native,Male,70,-39.0
Net Migrants 2010s,Am. Indian/Alaska Native,Male,75,-39.0
Net Migrants 2010s,Am. Indian/Alaska Native,Male,80,-20.0
Net Migrants 2010s,Am. Indian/Alaska Native,Male,85,-48.0
Net Migrants 2010s,White non-Hispanic,Female,0,-867.0
Net Migrants 2010s,White non-Hispanic,Female,5,-1523.0
Net Migrants 2010s,White non-Hispanic,Female,10,75.0
Net Migrants 2010s,White non-Hispanic,Female,15,2062.0
Net Migrants 2010s,White non-Hispanic,Female,20,5441.0
Net Migrants 2010s,White non-Hispanic,Female,25,16032.0
Net Migrants 2010s,White non-Hispanic,Female,30,8359.0
Net Migrants 2010s,White non-Hispanic,Female,35,2584.0
Net Migrants 2010s,White non-Hispanic,Female,40,1283.0
Net Migrants 2010s,White non-Hispanic,Female,45,2062.0
Net Migrants 2010s,White non-Hispanic,Female,50,1887.0
Net Migrants 2010s,White non-Hispanic,Female,55,1439.0
Net Migrants 2010s,White non-Hispanic,Female,60,792.0
Net Migrants 2010s,White non-Hispanic,Female,65,355.0
Net Migrants 2010s,White non-Hispanic,Female,70,216.0
Net Migrants 2010s,White non-Hispanic,Female,75,-14.0
Net Migrants 2010s,White non-Hispanic,Female,80,466.0
Net Migrants 2010s,White non-Hispanic,Female,85,1890.0
Net Migrants 2010s,White non-Hispanic,Male,0,-1212.0
Net Migrants 2010s,White non-Hispanic,Male,5,-1625.0
Net Migrants 2010s,White non-Hispanic,Male,10,-45.0
Net Migrants 2010s,White non-Hispanic,Male,15,1818.0
Net Migrants 2010s,White non-Hispanic,Male,20,4511.0
Net Migrants 2010s,White non-Hispanic,Male,25,17046.0
Net Migrants 2010s,White non-Hispanic,Male,30,12030.0
Net Migrants 2010s,White non-Hispanic,Male,35,4444.0
Net Migrants 2010s,White non-Hispanic,Male,40,1592.0
Net Migrants 2010s,White non-Hispanic,Male,45,2367.0
Net Migrants 2010s,White non-Hispanic,Male,50,2383.0
Net Migrants 2010s,White non-Hispanic,Male,55,1752.0
Net Migrants 2010s,White non-Hispanic,Male,60,1080.0
Net Migrants 2010s,White non-Hispanic,Male,65,41.0
Net Migrants 2010s,White non-Hispanic,Male,70,-170.0
Net Migrants 2010s,White non-Hispanic,Male,75,-457.0
Net Migrants 2010s,White non-Hispanic,Male,80,42.0
Net Migrants 2010s,White non-Hispanic,Male,85,423.0
Net Migrants 2010s,Asian/Pacific Islander,Total,0,-857.0
Net Migrants 2010s,Asian/Pacific Islander,Total,5,116.0
Net Migrants 2010s,Asian/Pacific Islander,Total,10,628.0
Net Migrants 2010s,Asian/Pacific Islander,Total,15,2240.0
Net Migrants 2010s,Asian/Pacific Islander,Total,20,3883.0
Net Migrants 2010s,Asian/Pacific Islander,Total,25,7092.0
Net Migrants 2010s,Asian/Pacific Islander,Total,30,4706.0
Net Migrants 2010s,Asian/Pacific Islander,Total,35,2981.0
Net Migrants 2010s,Asian/Pacific Islander,Total,40,1711.0
Net Migrants 2010s,Asian/Pacific Islander,Total,45,1543.0
Net Migrants 2010s,Asian/Pacific Islander,Total,50,988.0
Net Migrants 2010s,Asian/Pacific Islander,Total,55,599.0
Net Migrants 2010s,Asian/Pacific Islander,Total,60,717.0
Net Migrants 2010s,Asian/Pacific Islander,Total,65,498.0
Net Migrants 2010s,Asian/Pacific Islander,Total,70,399.0
Net Migrants 2010s,Asian/Pacific Islander,Total,75,203.0
Net Migrants 2010s,Asian/Pacific Islander,Total,80,109.0
Net Migrants 2010s,Asian/Pacific Islander,Total,85,113.0
Net Migrants 2010s,Black non-Hispanic,Total,0,119.0
Net Migrants 2010s,Black non-Hispanic,Total,5,430.0
Net Migrants 2010s,Black non-Hispanic,Total,10,34.0
Net Migrants 2010s,Black non-Hispanic,Total,15,715.0
Net Migrants 2010s,Black non-Hispanic,Total,20,1446.0
Net Migrants 2010s,Black non-Hispanic,Total,25,4207.0
Net Migrants 2010s,Black non-Hispanic,Total,30,3032.0
Net Migrants 2010s,Black non-Hispanic,Total,35,1821.0
Net Migrants 2010s,Black non-Hispanic,Total,40,1383.0
Net Migrants 2010s,Black non-Hispanic,Total,45,1221.0
Net Migrants 2010s,Black non-Hispanic,Total,50,956.0
Net Migrants 2010s,Black non-Hispanic,Total,55,518.0
Net Migrants 2010s,Black non-Hispanic,Total,60,559.0
Net Migrants 2010s,Black non-Hispanic,Total,65,328.0
Net Migrants 2010s,Black non-Hispanic,Total,70,134.0
Net Migrants 2010s,Black non-Hispanic,Total,75,33.0
Net Migrants 2010s,Black non-Hispanic,Total,80,25.0
Net Migrants 2010s,Black non-Hispanic,Total,85,21.0
Net Migrants 2010s,Hispanic,Total,0,
Net Migrants 2010s,Hispanic,Total,5,
Net Migrants 2010s,Hispanic,Total,10,
Net Migrants 2010s,Hispanic,Total,15,
Net Migrants 2010s,Hispanic,Total,20,
Net Migrants 2010s,Hispanic,Total,25,
Net Migrants 2010s,Hispanic,Total,30,
Net Migrants 2010s,Hispanic,Total,35,
Net Migrants 2010s,Hispanic,Total,40,
Net Migrants 2010s,Hispanic,Total,45,
Net Migrants 2010s,Hispanic,Total,50,
Net Migrants 2010s,Hispanic,Total,55,
Net Migrants 2010s,Hispanic,Total,60,
Net Migrants 2010s,Hispanic,Total,65,
Net Migrants 2010s,Hispanic,Total,70,
Net Migrants 2010s,Hispanic,Total,75,
Net Migrants 2010s,Hispanic,Total,80,
Net Migrants 2010s,Hispanic,Total,85,
Net Migrants 2010s,Am. Indian/Alaska Native,Total,0,
Net Migrants 2010s,Am. Indian/Alaska Native,Total,5,
Net Migrants 2010s,Am. Indian/Alaska Native,Total,10,-174.0
Net Migrants 2010s,Am. Indian/Alaska Native,Total,15,18.0
Net Migrants 2010s,Am. Indian/Alaska Native,Total,20,194.0
Net Migrants 2010s,Am. Indian/Alaska Native,Total,25,848.0
Net Migrants 2010s,Am. Indian/Alaska Native,Total,30,360.0
Net Migrants 2010s,Am. Indian/Alaska Native,Total,35,-89.0
Net Migrants 2010s,Am. Indian/Alaska Native,Total,40,-51.0
Net Migrants 2010s,Am. Indian/Alaska Native,Total,45,-61.0
Net Migrants 2010s,Am. Indian/Alaska Native,Total,50,14.0
Net Migrants 2010s,Am. Indian/Alaska Native,Total,55,-35.0
Net Migrants 2010s,Am. Indian/Alaska Native,Total,60,-84.0
Net Migrants 2010s,Am. Indian/Alaska Native,Total,65,-66.0
Net Migrants 2010s,Am. Indian/Alaska Native,Total,70,-72.0
Net Migrants 2010s,Am. Indian/Alaska Native,Total,75,-63.0
Net Migrants 2010s,Am. Indian/Alaska Native,Total,80,-47.0
Net Migrants 2010s,Am. Indian/Alaska Native,Total,85,-110.0
Net Migrants 2010s,White non-Hispanic,Total,0,-2079.0
Net Migrants 2010s,White non-Hispanic,Total,5,-3147.0
Net Migrants 2010s,White non-Hispanic,Total,10,30.0
Net Migrants 2010s,White non-Hispanic,Total,15,3879.0
Net Migrants 2010s,White non-Hispanic,Total,20,9952.0
Net Migrants 2010s,White non-Hispanic,Total,25,33077.0
Net Migrants 2010s,White non-Hispanic,Total,30,20389.0
Net Migrants 2010s,White non-Hispanic,Total,35,7029.0
Net Migrants 2010s,White non-Hispanic,Total,40,2875.0
Net Migrants 2010s,White non-Hispanic,Total,45,4429.0
Net Migrants 2010s,White non-Hispanic,Total,50,4270.0
Net Migrants 2010s,White non-Hispanic,Total,55,3191.0
Net Migrants 2010s,White non-Hispanic,Total,60,1872.0
Net Migrants 2010s,White non-Hispanic,Total,65,396.0
Net Migrants 2010s,White non-Hispanic,Total,70,46.0
Net Migrants 2010s,White non-Hispanic,Total,75,-471.0
Net Migrants 2010s,White non-Hispanic,Total,80,508.0
Net Migrants 2010s,White non-Hispanic,Total,85,2312.0
Net Migrants 2010s,Asian/Pacific Islander,Female,Total,13461.0
Net Migrants 2010s,Black non-Hispanic,Female,Total,7874.0
Net Migrants 2010s,Hispanic,Female,Total,
Net Migrants 2010s,Am. Indian/Alaska Native,Female,Total,1442.0
Net Migrants 2010s,White non-Hispanic,Female,Total,42538.0
Net Migrants 2010s,Asian/Pacific Islander,Male,Total,14208.0
Net Migrants 2010s,Black non-Hispanic,Male,Total,9108.0
Net Migrants 2010s,Hispanic,Male,Total,
Net Migrants 2010s,Am. Indian/Alaska Native,Male,Total,922.0
Net Migrants 2010s,White non-Hispanic,Male,Total,46020.0
Net Migrants 2010s,Asian/Pacific Islander,Total,Total,27669.0
Net Migrants 2010s,Black non-Hispanic,Total,Total,16982.0
Net Migrants 2010s,Hispanic,Total,Total,
Net Migrants 2010s,Am. Indian/Alaska Native,Total,Total,2364.0
Net Migrants 2010s,White non-Hispanic,Total,Total,88559.0
Net Migrants 2010s,Total,Female,0,-1395.0
Net Migrants 2010s,Total,Female,5,-2514.0
Net Migrants 2010s,Total,Female,10,-1658.0
Net Migrants 2010s,Total,Female,15,4407.0
Net Migrants 2010s,Total,Female,20,11212.0
Net Migrants 2010s,Total,Female,25,27453.0
Net Migrants 2010s,Total,Female,30,14089.0
Net Migrants 2010s,Total,Female,35,5069.0
Net Migrants 2010s,Total,Female,40,3703.0
Net Migrants 2010s,Total,Female,45,4579.0
Net Migrants 2010s,Total,Female,50,3877.0
Net Migrants 2010s,Total,Female,55,2797.0
Net Migrants 2010s,Total,Female,60,2268.0
Net Migrants 2010s,Total,Female,65,1248.0
Net Migrants 2010s,Total,Female,70,712.0
Net Migrants 2010s,Total,Female,75,116.0
Net Migrants 2010s,Total,Female,80,617.0
Net Migrants 2010s,Total,Female,85,2076.0
Net Migrants 2010s,Total,Male,0,-1663.0
Net Migrants 2010s,Total,Male,5,-2441.0
Net Migrants 2010s,Total,Male,10,-1449.0
Net Migrants 2010s,Total,Male,15,3749.0
Net Migrants 2010s,Total,Male,20,10473.0
Net Migrants 2010s,Total,Male,25,30647.0
Net Migrants 2010s,Total,Male,30,19475.0
Net Migrants 2010s,Total,Male,35,7155.0
Net Migrants 2010s,Total,Male,40,2300.0
Net Migrants 2010s,Total,Male,45,3492.0
Net Migrants 2010s,Total,Male,50,3547.0
Net Migrants 2010s,Total,Male,55,2130.0
Net Migrants 2010s,Total,Male,60,1443.0
Net Migrants 2010s,Total,Male,65,237.0
Net Migrants 2010s,Total,Male,70,-60.0
Net Migrants 2010s,Total,Male,75,-508.0
Net Migrants 2010s,Total,Male,80,-6.0
Net Migrants 2010s,Total,Male,85,381.0
Net Migrants 2010s,Total,Total,0,-3058.0
Net Migrants 2010s,Total,Total,5,-4955.0
Net Migrants 2010s,Total,Total,10,-3107.0
Net Migrants 2010s,Total,Total,15,8156.0
Net Migrants 2010s,Total,Total,20,21685.0
Net Migrants 2010s,Total,Total,25,58100.0
Net Migrants 2010s,Total,Total,30,33564.0
Net Migrants 2010s,Total,Total,35,12224.0
Net Migrants 2010s,Total,Total,40,6003.0
Net Migrants 2010s,Total,Total,45,8071.0
Net Migrants 2010s,Total,Total,50,7424.0
Net Migrants 2010s,Total,Total,55,4927.0
Net Migrants 2010s,Total,Total,60,3711.0
Net Migrants 2010s,Total,Total,65,1485.0
Net Migrants 2010s,Total,Total,70,652.0
Net Migrants 2010s,Total,Total,75,-392.0
Net Migrants 2010s,Total,Total,80,611.0
Net Migrants 2010s,Total,Total,85,2457.0
Net Migrants 2010s,Total,Female,Total,78657.0
Net Migrants 2010s,Total,Male,Total,78902.0
Net Migrants 2010s,Total,Total,Total,157559.0
Expected Pop 2020,Asian/Pacific Islander,Female,0,3354.96
Expected Pop 2020,Asian/Pacific Islander,Female,5,2767.47
Expected Pop 2020,Asian/Pacific Islander,Female,10,2341.9
Expected Pop 2020,Asian/Pacific Islander,Female,15,2305.05
Expected Pop 2020,Asian/Pacific Islander,Female,20,1765.45
Expected Pop 2020,Asian/Pacific Islander,Female,25,2320.01
Expected Pop 2020,Asian/Pacific Islander,Female,30,3773.68
Expected Pop 2020,Asian/Pacific Islander,Female,35,3341.34
Expected Pop 2020,Asian/Pacific Islander,Female,40,3312.0
Expected Pop 2020,Asian/Pacific Islander,Female,45,3125.12
Expected Pop 2020,Asian/Pacific Islander,Female,50,2301.7
Expected Pop 2020,Asian/Pacific Islander,Female,55,1826.61
Expected Pop 2020,Asian/Pacific Islander,Female,60,1446.65
Expected Pop 2020,Asian/Pacific Islander,Female,65,1126.05
Expected Pop 2020,Asian/Pacific Islander,Female,70,901.74
Expected Pop 2020,Asian/Pacific Islander,Female,75,500.7
Expected Pop 2020,Asian/Pacific Islander,Female,80,317.06
Expected Pop 2020,Asian/Pacific Islander,Female,85,264.1
Expected Pop 2020,Asian/Pacific Islander,Male,0,3582.83
Expected Pop 2020,Asian/Pacific Islander,Male,5,2980.42
Expected Pop 2020,Asian/Pacific Islander,Male,10,2387.95
Expected Pop 2020,Asian/Pacific Islander,Male,15,2156.19
Expected Pop 2020,Asian/Pacific Islander,Male,20,1721.45
Expected Pop 2020,Asian/Pacific Islander,Male,25,2377.42
Expected Pop 2020,Asian/Pacific Islander,Male,30,3923.31
Expected Pop 2020,Asian/Pacific Islander,Male,35,3371.62
Expected Pop 2020,Asian/Pacific Islander,Male,40,3497.04
Expected Pop 2020,Asian/Pacific Islander,Male,45,3152.45
Expected Pop 2020,Asian/Pacific Islander,Male,50,2433.94
Expected Pop 2020,Asian/Pacific Islander,Male,55,1888.75
Expected Pop 2020,Asian/Pacific Islander,Male,60,1248.81
Expected Pop 2020,Asian/Pacific Islander,Male,65,924.89
Expected Pop 2020,Asian/Pacific Islander,Male,70,683.43
Expected Pop 2020,Asian/Pacific Islander,Male,75,437.75
Expected Pop 2020,Asian/Pacific Islander,Male,80,282.98
Expected Pop 2020,Asian/Pacific Islander,Male,85,200.15
Expected Pop 2020,Black non-Hispanic,Female,0,3265.94
Expected Pop 2020,Black non-Hispanic,Female,5,3162.22
Expected Pop 2020,Black non-Hispanic,Female,10,3403.57
Expected Pop 2020,Black non-Hispanic,Female,15,3209.27
Expected Pop 2020,Black non-Hispanic,Female,20,3102.26
Expected Pop 2020,Black non-Hispanic,Female,25,3562.86
Expected Pop 2020,Black non-Hispanic,Female,30,3903.11
Expected Pop 2020,Black non-Hispanic,Female,35,3525.31
Expected Pop 2020,Black non-Hispanic,Female,40,3092.65
Expected Pop 2020,Black non-Hispanic,Female,45,2981.27
Expected Pop 2020,Black non-Hispanic,Female,50,2907.79
Expected Pop 2020,Black non-Hispanic,Female,55,3006.28
Expected Pop 2020,Black non-Hispanic,Female,60,2659.79
Expected Pop 2020,Black non-Hispanic,Female,65,2052.25
Expected Pop 2020,Black non-Hispanic,Female,70,1413.38
Expected Pop 2020,Black non-Hispanic,Female,75,887.94
Expected Pop 2020,Black non-Hispanic,Female,80,568.38
Expected Pop 2020,Black non-Hispanic,Female,85,594.52
Expected Pop 2020,Black non-Hispanic,Male,0,3386.22
Expected Pop 2020,Black non-Hispanic,Male,5,3169.86
Expected Pop 2020,Black non-Hispanic,Male,10,3435.05
Expected Pop 2020,Black non-Hispanic,Male,15,3248.94
Expected Pop 2020,Black non-Hispanic,Male,20,3351.9
Expected Pop 2020,Black non-Hispanic,Male,25,3373.0
Expected Pop 2020,Black non-Hispanic,Male,30,3538.28
Expected Pop 2020,Black non-Hispanic,Male,35,3675.34
Expected Pop 2020,Black non-Hispanic,Male,40,3188.07
Expected Pop 2020,Black non-Hispanic,Male,45,3151.69
Expected Pop 2020,Black non-Hispanic,Male,50,2914.66
Expected Pop 2020,Black non-Hispanic,Male,55,3056.14
Expected Pop 2020,Black non-Hispanic,Male,60,2664.63
Expected Pop 2020,Black non-Hispanic,Male,65,1883.57
Expected Pop 2020,Black non-Hispanic,Male,70,1130.59
Expected Pop 2020,Black non-Hispanic,Male,75,617.98
Expected Pop 2020,Black non-Hispanic,Male,80,385.4
Expected Pop 2020,Black non-Hispanic,Male,85,279.73
Expected Pop 2020,Hispanic,Female,0,
Expected Pop 2020,Hispanic,Female,5,
Expected Pop 2020,Hispanic,Female,10,
Expected Pop 2020,Hispanic,Female,15,
Expected Pop 2020,Hispanic,Female,20,
Expected Pop 2020,Hispanic,Female,25,
Expected Pop 2020,Hispanic,Female,30,
Expected Pop 2020,Hispanic,Female,35,
Expected Pop 2020,Hispanic,Female,40,
Expected Pop 2020,Hispanic,Female,45,
Expected Pop 2020,Hispanic,Female,50,
Expected Pop 2020,Hispanic,Female,55,
Expected Pop 2020,Hispanic,Female,60,
Expected Pop 2020,Hispanic,Female,65,
Expected Pop 2020,Hispanic,Female,70,
Expected Pop 2020,Hispanic,Female,75,
Expected Pop 2020,Hispanic,Female,80,
Expected Pop 2020,Hispanic,Female,85,
Expected Pop 2020,Hispanic,Male,0,
Expected Pop 2020,Hispanic,Male,5,
Expected Pop 2020,Hispanic,Male,10,
Expected Pop 2020,Hispanic,Male,15,
Expected Pop 2020,Hispanic,Male,20,
Expected Pop 2020,Hispanic,Male,25,
Expected Pop 2020,Hispanic,Male,30,
Expected Pop 2020,Hispanic,Male,35,
Expected Pop 2020,Hispanic,Male,40,
Expected Pop 2020,Hispanic,Male,45,
Expected Pop 2020,Hispanic,Male,50,
Expected Pop 2020,Hispanic,Male,55,
Expected Pop 2020,Hispanic,Male,60,
Expected Pop 2020,Hispanic,Male,65,
Expected Pop 2020,Hispanic,Male,70,
Expected Pop 2020,Hispanic,Male,75,
Expected Pop 2020,Hispanic,Male,80,
Expected Pop 2020,Hispanic,Male,85,
Expected Pop 2020,Am. Indian/Alaska Native,Female,0,
Expected Pop 2020,Am. Indian/Alaska Native,Female,5,
Expected Pop 2020,Am. Indian/Alaska Native,Female,10,1031.09
Expected Pop 2020,Am. Indian/Alaska Native,Female,15,1008.77
Expected Pop 2020,Am. Indian/Alaska Native,Female,20,880.75
Expected Pop 2020,Am. Indian/Alaska Native,Female,25,812.61
Expected Pop 2020,Am. Indian/Alaska Native,Female,30,945.24
Expected Pop 2020,Am. Indian/Alaska Native,Female,35,1065.08
Expected Pop 2020,Am. Indian/Alaska Native,Female,40,1016.18
Expected Pop 2020,Am. Indian/Alaska Native,Female,45,852.01
Expected Pop 2020,Am. Indian/Alaska Native,Female,50,717.23
Expected Pop 2020,Am. Indian/Alaska Native,Female,55,696.6
Expected Pop 2020,Am. Indian/Alaska Native,Female,60,569.7
Expected Pop 2020,Am. Indian/Alaska Native,Female,65,400.67
Expected Pop 2020,Am. Indian/Alaska Native,Female,70,298.46
Expected Pop 2020,Am. Indian/Alaska Native,Female,75,162.52
Expected Pop 2020,Am. Indian/Alaska Native,Female,80,102.01
Expected Pop 2020,Am. Indian/Alaska Native,Female,85,132.17
Expected Pop 2020,Am. Indian/Alaska Native,Male,0,
Expected Pop 2020,Am. Indian/Alaska Native,Male,5,
Expected Pop 2020,Am. Indian/Alaska Native,Male,10,1096.94
Expected Pop 2020,Am. Indian/Alaska Native,Male,15,1064.11
Expected Pop 2020,Am. Indian/Alaska Native,Male,20,948.07
Expected Pop 2020,Am. Indian/Alaska Native,Male,25,937.2
Expected Pop 2020,Am. Indian/Alaska Native,Male,30,1129.7
Expected Pop 2020,Am. Indian/Alaska Native,Male,35,1251.79
Expected Pop 2020,Am. Indian/Alaska Native,Male,40,1124.92
Expected Pop 2020,Am. Indian/Alaska Native,Male,45,1083.48
Expected Pop 2020,Am. Indian/Alaska Native,Male,50,781.93
Expected Pop 2020,Am. Indian/Alaska Native,Male,55,736.11
Expected Pop 2020,Am. Indian/Alaska Native,Male,60,633.44
Expected Pop 2020,Am. Indian/Alaska Native,Male,65,450.3
Expected Pop 2020,Am. Indian/Alaska Native,Male,70,255.05
Expected Pop 2020,Am. Indian/Alaska Native,Male,75,152.18
Expected Pop 2020,Am. Indian/Alaska Native,Male,80,77.7
Expected Pop 2020,Am. Indian/Alaska Native,Male,85,83.24
Expected Pop 2020,White non-Hispanic,Female,0,14620.02
Expected Pop 2020,White non-Hispanic,Female,5,15132.44
Expected Pop 2020,White non-Hispanic,Female,10,13610.6
Expected Pop 2020,White non-Hispanic,Female,15,12814.26
Expected Pop 2020,White non-Hispanic,Female,20,11775.13
Expected Pop 2020,White non-Hispanic,Female,25,13383.77
Expected Pop 2020,White non-Hispanic,Female,30,22964.75
Expected Pop 2020,White non-Hispanic,Female,35,24447.16
Expected Pop 2020,White non-Hispanic,Female,40,21306.63
Expected Pop 2020,White non-Hispanic,Female,45,19141.25
Expected Pop 2020,White non-Hispanic,Female,50,17858.99
Expected Pop 2020,White non-Hispanic,Female,55,18481.0
Expected Pop 2020,White non-Hispanic,Female,60,18663.56
Expected Pop 2020,White non-Hispanic,Female,65,16808.67
Expected Pop 2020,White non-Hispanic,Female,70,12362.07
Expected Pop 2020,White non-Hispanic,Female,75,7615.36
Expected Pop 2020,White non-Hispanic,Female,80,4378.68
Expected Pop 2020,White non-Hispanic,Female,85,4423.8
Expected Pop 2020,White non-Hispanic,Male,0,15629.57
Expected Pop 2020,White non-Hispanic,Male,5,15945.28
Expected Pop 2020,White non-Hispanic,Male,10,14578.02
Expected Pop 2020,White non-Hispanic,Male,15,13581.42
Expected Pop 2020,White non-Hispanic,Male,20,12268.62
Expected Pop 2020,White non-Hispanic,Male,25,13533.59
Expected Pop 2020,White non-Hispanic,Male,30,21830.16
Expected Pop 2020,White non-Hispanic,Male,35,25798.25
Expected Pop 2020,White non-Hispanic,Male,40,23918.64
Expected Pop 2020,White non-Hispanic,Male,45,22300.98
Expected Pop 2020,White non-Hispanic,Male,50,19843.44
Expected Pop 2020,White non-Hispanic,Male,55,19239.01
Expected Pop 2020,White non-Hispanic,Male,60,18438.22
Expected Pop 2020,White non-Hispanic,Male,65,16032.92
Expected Pop 2020,White non-Hispanic,Male,70,12182.85
Expected Pop 2020,White non-Hispanic,Male,75,7000.83
Expected Pop 2020,White non-Hispanic,Male,80,3507.96
Expected Pop 2020,White non-Hispanic,Male,85,2940.85
Expected Pop 2020,Asian/Pacific Islander,Total,0,6937.79
Expected Pop 2020,Asian/Pacific Islander,Total,5,5747.89
Expected Pop 2020,Asian/Pacific Islander,Total,10,4729.85
Expected Pop 2020,Asian/Pacific Islander,Total,15,4461.24
Expected Pop 2020,Asian/Pacific Islander,Total,20,3486.9
Expected Pop 2020,Asian/Pacific Islander,Total,25,4697.42
Expected Pop 2020,Asian/Pacific Islander,Total,30,7696.99
Expected Pop 2020,Asian/Pacific Islander,Total,35,6712.96
Expected Pop 2020,Asian/Pacific Islander,Total,40,6809.05
Expected Pop 2020,Asian/Pacific Islander,Total,45,6277.57
Expected Pop 2020,Asian/Pacific Islander,Total,50,4735.64
Expected Pop 2020,Asian/Pacific Islander,Total,55,3715.36
Expected Pop 2020,Asian/Pacific Islander,Total,60,2695.45
Expected Pop 2020,Asian/Pacific Islander,Total,65,2050.94
Expected Pop 2020,Asian/Pacific Islander,Total,70,1585.17
Expected Pop 2020,Asian/Pacific Islander,Total,75,938.45
Expected Pop 2020,Asian/Pacific Islander,Total,80,600.04
Expected Pop 2020,Asian/Pacific Islander,Total,85,464.25
Expected Pop 2020,Black non-Hispanic,Total,0,6652.16
Expected Pop 2020,Black non-Hispanic,Total,5,6332.09
Expected Pop 2020,Black non-Hispanic,Total,10,6838.62
Expected Pop 2020,Black non-Hispanic,Total,15,6458.22
Expected Pop 2020,Black non-Hispanic,Total,20,6454.15
Expected Pop 2020,Black non-Hispanic,Total,25,6935.86
Expected Pop 2020,Black non-Hispanic,Total,30,7441.39
Expected Pop 2020,Black non-Hispanic,Total,35,7200.65
Expected Pop 2020,Black non-Hispanic,Total,40,6280.72
Expected Pop 2020,Black non-Hispanic,Total,45,6132.96
Expected Pop 2020,Black non-Hispanic,Total,50,5822.45
Expected Pop 2020,Black non-Hispanic,Total,55,6062.42
Expected Pop 2020,Black non-Hispanic,Total,60,5324.42
Expected Pop 2020,Black non-Hispanic,Total,65,3935.82
Expected Pop 2020,Black non-Hispanic,Total,70,2543.97
Expected Pop 2020,Black non-Hispanic,Total,75,1505.92
Expected Pop 2020,Black non-Hispanic,Total,80,953.78
Expected Pop 2020,Black non-Hispanic,Total,85,874.25
Expected Pop 2020,Hispanic,Total,0,
Expected Pop 2020,Hispanic,Total,5,
Expected Pop 2020,Hispanic,Total,10,
Expected Pop 2020,Hispanic,Total,15,
Expected Pop 2020,Hispanic,Total,20,
Expected Pop 2020,Hispanic,Total,25,
Expected Pop 2020,Hispanic,Total,30,
Expected Pop 2020,Hispanic,Total,35,
Expected Pop 2020,Hispanic,Total,40,
Expected Pop 2020,Hispanic,Total,45,
Expected Pop 2020,Hispanic,Total,50,
Expected Pop 2020,Hispanic,Total,55,
Expected Pop 2020,Hispanic,Total,60,
Expected Pop 2020,Hispanic,Total,65,
Expected Pop 2020,Hispanic,Total,70,
Expected Pop 2020,Hispanic,Total,75,
Expected Pop 2020,Hispanic,Total,80,
Expected Pop 2020,Hispanic,Total,85,
Expected Pop 2020,Am. Indian/Alaska Native,Total,0,
Expected Pop 2020,Am. Indian/Alaska Native,Total,5,
Expected Pop 2020,Am. Indian/Alaska Native,Total,10,2128.03
Expected Pop 2020,Am. Indian/Alaska Native,Total,15,2072.88
Expected Pop 2020,Am. Indian/Alaska Native,Total,20,1828.82
Expected Pop 2020,Am. Indian/Alaska Native,Total,25,1749.81
Expected Pop 2020,Am. Indian/Alaska Native,Total,30,2074.94
Expected Pop 2020,Am. Indian/Alaska Native,Total,35,2316.87
Expected Pop 2020,Am. Indian/Alaska Native,Total,40,2141.1
Expected Pop 2020,Am. Indian/Alaska Native,Total,45,1935.49
Expected Pop 2020,Am. Indian/Alaska Native,Total,50,1499.16
Expected Pop 2020,Am. Indian/Alaska Native,Total,55,1432.71
Expected Pop 2020,Am. Indian/Alaska Native,Total,60,1203.15
Expected Pop 2020,Am. Indian/Alaska Native,Total,65,850.97
Expected Pop 2020,Am. Indian/Alaska Native,Total,70,553.51
Expected Pop 2020,Am. Indian/Alaska Native,Total,75,314.71
Expected Pop 2020,Am. Indian/Alaska Native,Total,80,179.71
Expected Pop 2020,Am. Indian/Alaska Native,Total,85,215.42
Expected Pop 2020,White non-Hispanic,Total,0,30249.6
Expected Pop 2020,White non-Hispanic,Total,5,31077.71
Expected Pop 2020,White non-Hispanic,Total,10,28188.62
Expected Pop 2020,White non-Hispanic,Total,15,26395.68
Expected Pop 2020,White non-Hispanic,Total,20,24043.75
Expected Pop 2020,White non-Hispanic,Total,25,26917.36
Expected Pop 2020,White non-Hispanic,Total,30,44794.91
Expected Pop 2020,White non-Hispanic,Total,35,50245.41
Expected Pop 2020,White non-Hispanic,Total,40,45225.27
Expected Pop 2020,White non-Hispanic,Total,45,41442.23
Expected Pop 2020,White non-Hispanic,Total,50,37702.43
Expected Pop 2020,White non-Hispanic,Total,55,37720.01
Expected Pop 2020,White non-Hispanic,Total,60,37101.78
Expected Pop 2020,White non-Hispanic,Total,65,32841.58
Expected Pop 2020,White non-Hispanic,Total,70,24544.91
Expected Pop 2020,White non-Hispanic,Total,75,14616.19
Expected Pop 2020,White non-Hispanic,Total,80,7886.64
Expected Pop 2020,White non-Hispanic,Total,85,7364.66
Expected Pop 2020,Asian/Pacific Islander,Female,Total,37091.58
Expected Pop 2020,Black non-Hispanic,Female,Total,47298.8
Expected Pop 2020,Hispanic,Female,Total,
Expected Pop 2020,Am. Indian/Alaska Native,Female,Total,11306.01
Expected Pop 2020,White non-Hispanic,Female,Total,269788.12
Expected Pop 2020,Asian/Pacific Islander,Male,Total,37251.39
Expected Pop 2020,Black non-Hispanic,Male,Total,46451.04
Expected Pop 2020,Hispanic,Male,Total,
Expected Pop 2020,Am. Indian/Alaska Native,Male,Total,12492.17
Expected Pop 2020,White non-Hispanic,Male,Total,278570.62
Expected Pop 2020,Asian/Pacific Islander,Total,Total,74342.97
Expected Pop 2020,Black non-Hispanic,Total,Total,93749.84
Expected Pop 2020,Hispanic,Total,Total,
Expected Pop 2020,Am. Indian/Alaska Native,Total,Total,23798.18
Expected Pop 2020,White non-Hispanic,Total,Total,548358.75
Expected Pop 2020,Total,Female,0,37775.0
Expected Pop 2020,Total,Female,5,38482.21
Expected Pop 2020,Total,Female,10,39075.09
Expected Pop 2020,Total,Female,15,35263.43
Expected Pop 2020,Total,Female,20,30390.21
Expected Pop 2020,Total,Female,25,32592.51
Expected Pop 2020,Total,Female,30,47591.95
Expected Pop 2020,Total,Female,35,48515.22
Expected Pop 2020,Total,Female,40,42571.68
Expected Pop 2020,Total,Female,45,37930.27
Expected Pop 2020,Total,Female,50,33369.32
Expected Pop 2020,Total,Female,55,32251.06
Expected Pop 2020,Total,Female,60,29795.66
Expected Pop 2020,Total,Female,65,25104.69
Expected Pop 2020,Total,Female,70,18038.1
Expected Pop 2020,Total,Female,75,11162.81
Expected Pop 2020,Total,Female,80,6519.57
Expected Pop 2020,Total,Female,85,6609.63
Expected Pop 2020,Total,Male,0,39738.71
Expected Pop 2020,Total,Male,5,40338.8
Expected Pop 2020,Total,Male,10,40802.73
Expected Pop 2020,Total,Male,15,36684.75
Expected Pop 2020,Total,Male,20,31804.23
Expected Pop 2020,Total,Male,25,33382.01
Expected Pop 2020,Total,Male,30,49200.38
Expected Pop 2020,Total,Male,35,53447.57
Expected Pop 2020,Total,Male,40,48950.89
Expected Pop 2020,Total,Male,45,44188.6
Expected Pop 2020,Total,Male,50,37042.09
Expected Pop 2020,Total,Male,55,34226.39
Expected Pop 2020,Total,Male,60,29875.48
Expected Pop 2020,Total,Male,65,23684.92
Expected Pop 2020,Total,Male,70,17108.14
Expected Pop 2020,Total,Male,75,9783.06
Expected Pop 2020,Total,Male,80,5144.97
Expected Pop 2020,Total,Male,85,4208.05
Expected Pop 2020,Total,Total,0,77513.7
Expected Pop 2020,Total,Total,5,78821.02
Expected Pop 2020,Total,Total,10,79877.81
Expected Pop 2020,Total,Total,15,71948.18
Expected Pop 2020,Total,Total,20,62194.44
Expected Pop 2020,Total,Total,25,65974.52
Expected Pop 2020,Total,Total,30,96792.33
Expected Pop 2020,Total,Total,35,101962.79
Expected Pop 2020,Total,Total,40,91522.58
Expected Pop 2020,Total,Total,45,82118.87
Expected Pop 2020,Total,Total,50,70411.41
Expected Pop 2020,Total,Total,55,66477.45
Expected Pop 2020,Total,Total,60,59671.14
Expected Pop 2020,Total,Total,65,48789.61
Expected Pop 2020,Total,Total,70,35146.25
Expected Pop 2020,Total,Total,75,20945.87
Expected Pop 2020,Total,Total,80,11664.54
Expected Pop 2020,Total,Total,85,10817.67
Expected Pop 2020,Total,Female,Total,553038.38
Expected Pop 2020,Total,Male,Total,579611.75
Expected Pop 2020,Total,Total,Total,1132650.12
Net Migration Rate,Asian/Pacific Islander,Female,0,-11.92
Net Migration Rate,Asian/Pacific Islander,Female,5,1.73
Net Migration Rate,Asian/Pacific Islander,Female,10,12.85
Net Migration Rate,Asian/Pacific Islander,Female,15,45.77
Net Migration Rate,Asian/Pacific Islander,Female,20,101.93
Net Migration Rate,Asian/Pacific Islander,Female,25,142.34
Net Migration Rate,Asian/Pacific Islander,Female,30,55.57
Net Migration Rate,Asian/Pacific Islander,Female,35,40.81
Net Migration Rate,Asian/Pacific Islander,Female,40,30.29
Net Migration Rate,Asian/Pacific Islander,Female,45,24.05
Net Migration Rate,Asian/Pacific Islander,Female,50,26.15
Net Migration Rate,Asian/Pacific Islander,Female,55,18.74
Net Migration Rate,Asian/Pacific Islander,Female,60,30.37
Net Migration Rate,Asian/Pacific Islander,Female,65,25.94
Net Migration Rate,Asian/Pacific Islander,Female,70,26.09
Net Migration Rate,Asian/Pacific Islander,Female,75,23.63
Net Migration Rate,Asian/Pacific Islander,Female,80,8.38
Net Migration Rate,Asian/Pacific Islander,Female,85,31.63
Net Migration Rate,Asian/Pacific Islander,Male,0,-12.74
Net Migration Rate,Asian/Pacific Islander,Male,5,2.28
Net Migration Rate,Asian/Pacific Islander,Male,10,13.72
Net Migration Rate,Asian/Pacific Islander,Male,15,54.96
Net Migration Rate,Asian/Pacific Islander,Male,20,121.0
Net Migration Rate,Asian/Pacific Islander,Male,25,159.39
Net Migration Rate,Asian/Pacific Islander,Male,30,66.49
Net Migration Rate,Asian/Pacific Islander,Male,35,47.97
Net Migration Rate,Asian/Pacific Islander,Male,40,20.24
Net Migration Rate,Asian/Pacific Islander,Male,45,25.1
Net Migration Rate,Asian/Pacific Islander,Male,50,15.86
Net Migration Rate,Asian/Pacific Islander,Male,55,13.6
Net Migration Rate,Asian/Pacific Islander,Male,60,22.23
Net Migration Rate,Asian/Pacific Islander,Male,65,22.29
Net Migration Rate,Asian/Pacific Islander,Male,70,23.97
Net Migration Rate,Asian/Pacific Islander,Male,75,19.26
Net Migration Rate,Asian/Pacific Islander,Male,80,29.17
Net Migration Rate,Asian/Pacific Islander,Male,85,14.6
Net Migration Rate,Black non-Hispanic,Female,0,2.57
Net Migration Rate,Black non-Hispanic,Female,5,7.26
Net Migration Rate,Black non-Hispanic,Female,10,0.68
Net Migration Rate,Black non-Hispanic,Female,15,14.44
Net Migration Rate,Black non-Hispanic,Female,20,24.67
Net Migration Rate,Black non-Hispanic,Female,25,46.58
Net Migration Rate,Black non-Hispanic,Female,30,28.14
Net Migration Rate,Black non-Hispanic,Female,35,21.76
Net Migration Rate,Black non-Hispanic,Female,40,18.71
Net Migration Rate,Black non-Hispanic,Female,45,18.32
Net Migration Rate,Black non-Hispanic,Female,50,14.8
Net Migration Rate,Black non-Hispanic,Female,55,10.13
Net Migration Rate,Black non-Hispanic,Female,60,14.35
Net Migration Rate,Black non-Hispanic,Female,65,13.18
Net Migration Rate,Black non-Hispanic,Female,70,8.44
Net Migration Rate,Black non-Hispanic,Female,75,6.53
Net Migration Rate,Black non-Hispanic,Female,80,10.46
Net Migration Rate,Black non-Hispanic,Female,85,5.94
Net Migration Rate,Black non-Hispanic,Male,0,1.04
Net Migration Rate,Black non-Hispanic,Male,5,6.32
Net Migration Rate,Black non-Hispanic,Male,10,0.3
Net Migration Rate,Black non-Hispanic,Male,15,7.75
Net Migration Rate,Black non-Hispanic,Male,20,20.31
Net Migration Rate,Black non-Hispanic,Male,25,75.54
Net Migration Rate,Black non-Hispanic,Male,30,54.65
Net Migration Rate,Black non-Hispanic,Male,35,28.68
Net Migration Rate,Black non-Hispanic,Male,40,25.24
Net Migration Rate,Black non-Hispanic,Male,45,21.43
Net Migration Rate,Black non-Hispanic,Male,50,18.02
Net Migration Rate,Black non-Hispanic,Male,55,6.98
Net Migration Rate,Black non-Hispanic,Male,60,6.66
Net Migration Rate,Black non-Hispanic,Male,65,3.05
Net Migration Rate,Black non-Hispanic,Male,70,1.26
Net Migration Rate,Black non-Hispanic,Male,75,-4.09
Net Migration Rate,Black non-Hispanic,Male,80,-9.0
Net Migration Rate,Black non-Hispanic,Male,85,-5.18
Net Migration Rate,Hispanic,Female,0,
Net Migration Rate,Hispanic,Female,5,
Net Migration Rate,Hispanic,Female,10,
Net Migration Rate,Hispanic,Female,15,
Net Migration Rate,Hispanic,Female,20,
Net Migration Rate,Hispanic,Female,25,
Net Migration Rate,Hispanic,Female,30,
Net Migration Rate,Hispanic,Female,35,
Net Migration Rate,Hispanic,Female,40,
Net Migration Rate,Hispanic,Female,45,
Net Migration Rate,Hispanic,Female,50,
Net Migration Rate,Hispanic,Female,55,
Net Migration Rate,Hispanic,Female,60,
Net Migration Rate,Hispanic,Female,65,
Net Migration Rate,Hispanic,Female,70,
Net Migration Rate,Hispanic,Female,75,
Net Migration Rate,Hispanic,Female,80,
Net Migration Rate,Hispanic,Female,85,
Net Migration Rate,Hispanic,Male,0,
Net Migration Rate,Hispanic,Male,5,
Net Migration Rate,Hispanic,Male,10,
Net Migration Rate,Hispanic,Male,15,
Net Migration Rate,Hispanic,Male,20,
Net Migration Rate,Hispanic,Male,25,
Net Migration Rate,Hispanic,Male,30,
Net Migration Rate,Hispanic,Male,35,
Net Migration Rate,Hispanic,Male,40,
Net Migration Rate,Hispanic,Male,45,
Net Migration Rate,Hispanic,Male,50,
Net Migration Rate,Hispanic,Male,55,
Net Migration Rate,Hispanic,Male,60,
Net Migration Rate,Hispanic,Male,65,
Net Migration Rate,Hispanic,Male,70,
Net Migration Rate,Hispanic,Male,75,
Net Migration Rate,Hispanic,Male,80,
Net Migration Rate,Hispanic,Male,85,
Net Migration Rate,Am. Indian/Alaska Native,Female,0,
Net Migration Rate,Am. Indian/Alaska Native,Female,5,
Net Migration Rate,Am. Indian/Alaska Native,Female,10,-11.55
Net Migration Rate,Am. Indian/Alaska Native,Female,15,2.3
Net Migration Rate,Am. Indian/Alaska Native,Female,20,12.18
Net Migration Rate,Am. Indian/Alaska Native,Female,25,59.73
Net Migration Rate,Am. Indian/Alaska Native,Female,30,17.54
Net Migration Rate,Am. Indian/Alaska Native,Female,35,-3.95
Net Migration Rate,Am. Indian/Alaska Native,Female,40,2.93
Net Migration Rate,Am. Indian/Alaska Native,Female,45,5.87
Net Migration Rate,Am. Indian/Alaska Native,Female,50,5.96
Net Migration Rate,Am. Indian/Alaska Native,Female,55,1.64
Net Migration Rate,Am. Indian/Alaska Native,Female,60,-5.39
Net Migration Rate,Am. Indian/Alaska Native,Female,65,-3.91
Net Migration Rate,Am. Indian/Alaska Native,Female,70,-10.88
Net Migration Rate,Am. Indian/Alaska Native,Female,75,-14.47
Net Migration Rate,Am. Indian/Alaska Native,Female,80,-26.48
Net Migration Rate,Am. Indian/Alaska Native,Female,85,-47.04
Net Migration Rate,Am. Indian/Alaska Native,Male,0,
Net Migration Rate,Am. Indian/Alaska Native,Male,5,
Net Migration Rate,Am. Indian/Alaska Native,Male,10,-5.01
Net Migration Rate,Am. Indian/Alaska Native,Male,15,-0.48
Net Migration Rate,Am. Indian/Alaska Native,Male,20,9.17
Net Migration Rate,Am. Indian/Alaska Native,Male,25,38.71
Net Migration Rate,Am. Indian/Alaska Native,Male,30,17.2
Net Migration Rate,Am. Indian/Alaska Native,Male,35,-3.74
Net Migration Rate,Am. Indian/Alaska Native,Male,40,-7.19
Net Migration Rate,Am. Indian/Alaska Native,Male,45,-10.29
Net Migration Rate,Am. Indian/Alaska Native,Male,50,-3.7
Net Migration Rate,Am. Indian/Alaska Native,Male,55,-6.26
Net Migration Rate,Am. Indian/Alaska Native,Male,60,-8.44
Net Migration Rate,Am. Indian/Alaska Native,Male,65,-11.17
Net Migration Rate,Am. Indian/Alaska Native,Male,70,-15.31
Net Migration Rate,Am. Indian/Alaska Native,Male,75,-25.75
Net Migration Rate,Am. Indian/Alaska Native,Male,80,-25.35
Net Migration Rate,Am. Indian/Alaska Native,Male,85,-57.95
Net Migration Rate,White non-Hispanic,Female,0,-5.93
Net Migration Rate,White non-Hispanic,Female,5,-10.06
Net Migration Rate,White non-Hispanic,Female,10,0.55
Net Migration Rate,White non-Hispanic,Female,15,16.09
Net Migration Rate,White non-Hispanic,Female,20,46.21
Net Migration Rate,White non-Hispanic,Female,25,119.78
Net Migration Rate,White non-Hispanic,Female,30,36.4
Net Migration Rate,White non-Hispanic,Female,35,10.57
Net Migration Rate,White non-Hispanic,Female,40,6.02
Net Migration Rate,White non-Hispanic,Female,45,10.77
Net Migration Rate,White non-Hispanic,Female,50,10.57
Net Migration Rate,White non-Hispanic,Female,55,7.79
Net Migration Rate,White non-Hispanic,Female,60,4.24
Net Migration Rate,White non-Hispanic,Female,65,2.11
Net Migration Rate,White non-Hispanic,Female,70,1.75
Net Migration Rate,White non-Hispanic,Female,75,-0.19
Net Migration Rate,White non-Hispanic,Female,80,10.64
Net Migration Rate,White non-Hispanic,Female,85,42.72
Net Migration Rate,White non-Hispanic,Male,0,-7.75
Net Migration Rate,White non-Hispanic,Male,5,-10.19
Net Migration Rate,White non-Hispanic,Male,10,-0.31
Net Migration Rate,White non-Hispanic,Male,15,13.38
Net Migration Rate,White non-Hispanic,Male,20,36.77
Net Migration Rate,White non-Hispanic,Male,25,125.95
Net Migration Rate,White non-Hispanic,Male,30,55.11
Net Migration Rate,White non-Hispanic,Male,35,17.23
Net Migration Rate,White non-Hispanic,Male,40,6.66
Net Migration Rate,White non-Hispanic,Male,45,10.62
Net Migration Rate,White non-Hispanic,Male,50,12.01
Net Migration Rate,White non-Hispanic,Male,55,9.11
Net Migration Rate,White non-Hispanic,Male,60,5.86
Net Migration Rate,White non-Hispanic,Male,65,0.26
Net Migration Rate,White non-Hispanic,Male,70,-1.39
Net Migration Rate,White non-Hispanic,Male,75,-6.52
Net Migration Rate,White non-Hispanic,Male,80,1.19
Net Migration Rate,White non-Hispanic,Male,85,14.37
Net Migration Rate,Asian/Pacific Islander,Total,0,-12.35
Net Migration Rate,Asian/Pacific Islander,Total,5,2.02
Net Migration Rate,Asian/Pacific Islander,Total,10,13.29
Net Migration Rate,Asian/Pacific Islander,Total,15,50.21
Net Migration Rate,Asian/Pacific Islander,Total,20,111.35
Net Migration Rate,Asian/Pacific Islander,Total,25,150.97
Net Migration Rate,Asian/Pacific Islander,Total,30,61.14
Net Migration Rate,Asian/Pacific Islander,Total,35,44.41
Net Migration Rate,Asian/Pacific Islander,Total,40,25.13
Net Migration Rate,Asian/Pacific Islander,Total,45,24.58
Net Migration Rate,Asian/Pacific Islander,Total,50,20.86
Net Migration Rate,Asian/Pacific Islander,Total,55,16.13
Net Migration Rate,Asian/Pacific Islander,Total,60,26.6
Net Migration Rate,Asian/Pacific Islander,Total,65,24.29
Net Migration Rate,Asian/Pacific Islander,Total,70,25.17
Net Migration Rate,Asian/Pacific Islander,Total,75,21.59
Net Migration Rate,Asian/Pacific Islander,Total,80,18.19
Net Migration Rate,Asian/Pacific Islander,Total,85,24.29
Net Migration Rate,Black non-Hispanic,Total,0,1.79
Net Migration Rate,Black non-Hispanic,Total,5,6.79
Net Migration Rate,Black non-Hispanic,Total,10,0.49
Net Migration Rate,Black non-Hispanic,Total,15,11.08
Net Migration Rate,Black non-Hispanic,Total,20,22.41
Net Migration Rate,Black non-Hispanic,Total,25,60.66
Net Migration Rate,Black non-Hispanic,Total,30,40.75
Net Migration Rate,Black non-Hispanic,Total,35,25.29
Net Migration Rate,Black non-Hispanic,Total,40,22.03
Net Migration Rate,Black non-Hispanic,Total,45,19.91
Net Migration Rate,Black non-Hispanic,Total,50,16.41
Net Migration Rate,Black non-Hispanic,Total,55,8.54
Net Migration Rate,Black non-Hispanic,Total,60,10.5
Net Migration Rate,Black non-Hispanic,Total,65,8.33
Net Migration Rate,Black non-Hispanic,Total,70,5.25
Net Migration Rate,Black non-Hispanic,Total,75,2.17
Net Migration Rate,Black non-Hispanic,Total,80,2.6
Net Migration Rate,Black non-Hispanic,Total,85,2.38
Net Migration Rate,Hispanic,Total,0,
Net Migration Rate,Hispanic,Total,5,
Net Migration Rate,Hispanic,Total,10,
Net Migration Rate,Hispanic,Total,15,
Net Migration Rate,Hispanic,Total,20,
Net Migration Rate,Hispanic,Total,25,
Net Migration Rate,Hispanic,Total,30,
Net Migration Rate,Hispanic,Total,35,
Net Migration Rate,Hispanic,Total,40,
Net Migration Rate,Hispanic,Total,45,
Net Migration Rate,Hispanic,Total,50,
Net Migration Rate,Hispanic,Total,55,
Net Migration Rate,Hispanic,Total,60,
Net Migration Rate,Hispanic,Total,65,
Net Migration Rate,Hispanic,Total,70,
Net Migration Rate,Hispanic,Total,75,
Net Migration Rate,Hispanic,Total,80,
Net Migration Rate,Hispanic,Total,85,
Net Migration Rate,Am. Indian/Alaska Native,Total,0,
Net Migration Rate,Am. Indian/Alaska Native,Total,5,
Net Migration Rate,Am. Indian/Alaska Native,Total,10,-8.18
Net Migration Rate,Am. Indian/Alaska Native,Total,15,0.87
Net Migration Rate,Am. Indian/Alaska Native,Total,20,10.62
Net Migration Rate,Am. Indian/Alaska Native,Total,25,48.47
Net Migration Rate,Am. Indian/Alaska Native,Total,30,17.35
Net Migration Rate,Am. Indian/Alaska Native,Total,35,-3.84
Net Migration Rate,Am. Indian/Alaska Native,Total,40,-2.39
Net Migration Rate,Am. Indian/Alaska Native,Total,45,-3.18
Net Migration Rate,Am. Indian/Alaska Native,Total,50,0.92
Net Migration Rate,Am. Indian/Alaska Native,Total,55,-2.42
Net Migration Rate,Am. Indian/Alaska Native,Total,60,-6.99
Net Migration Rate,Am. Indian/Alaska Native,Total,65,-7.75
Net Migration Rate,Am. Indian/Alaska Native,Total,70,-12.92
Net Migration Rate,Am. Indian/Alaska Native,Total,75,-19.93
Net Migration Rate,Am. Indian/Alaska Native,Total,80,-25.99
Net Migration Rate,Am. Indian/Alaska Native,Total,85,-51.26
Net Migration Rate,White non-Hispanic,Total,0,-6.87
Net Migration Rate,White non-Hispanic,Total,5,-10.13
Net Migration Rate,White non-Hispanic,Total,10,0.11
Net Migration Rate,White non-Hispanic,Total,15,14.7
Net Migration Rate,White non-Hispanic,Total,20,41.39
Net Migration Rate,White non-Hispanic,Total,25,122.88
Net Migration Rate,White non-Hispanic,Total,30,45.52
Net Migration Rate,White non-Hispanic,Total,35,13.99
Net Migration Rate,White non-Hispanic,Total,40,6.36
Net Migration Rate,White non-Hispanic,Total,45,10.69
Net Migration Rate,White non-Hispanic,Total,50,11.33
Net Migration Rate,White non-Hispanic,Total,55,8.46
Net Migration Rate,White non-Hispanic,Total,60,5.05
Net Migration Rate,White non-Hispanic,Total,65,1.2
Net Migration Rate,White non-Hispanic,Total,70,0.19
Net Migration Rate,White non-Hispanic,Total,75,-3.22
Net Migration Rate,White non-Hispanic,Total,80,6.44
Net Migration Rate,White non-Hispanic,Total,85,31.4
Net Migration Rate,Asian/Pacific Islander,Female,Total,36.29
Net Migration Rate,Black non-Hispanic,Female,Total,16.65
Net Migration Rate,Hispanic,Female,Total,
Net Migration Rate,Am. Indian/Alaska Native,Female,Total,12.75
Net Migration Rate,White non-Hispanic,Female,Total,15.77
Net Migration Rate,Asian/Pacific Islander,Male,Total,38.14
Net Migration Rate,Black non-Hispanic,Male,Total,19.61
Net Migration Rate,Hispanic,Male,Total,
Net Migration Rate,Am. Indian/Alaska Native,Male,Total,7.38
Net Migration Rate,White non-Hispanic,Male,Total,16.52
Net Migration Rate,Asian/Pacific Islander,Total,Total,37.22
Net Migration Rate,Black non-Hispanic,Total,Total,18.11
Net Migration Rate,Hispanic,Total,Total,
Net Migration Rate,Am. Indian/Alaska Native,Total,Total,9.93
Net Migration Rate,White non-Hispanic,Total,Total,16.15
Net Migration Rate,Total,Female,0,-3.69
Net Migration Rate,Total,Female,5,-6.53
Net Migration Rate,Total,Female,10,-4.24
Net Migration Rate,Total,Female,15,12.5
Net Migration Rate,Total,Female,20,36.89
Net Migration Rate,Total,Female,25,84.23
Net Migration Rate,Total,Female,30,29.6
Net Migration Rate,Total,Female,35,10.45
Net Migration Rate,Total,Female,40,8.7
Net Migration Rate,Total,Female,45,12.07
Net Migration Rate,Total,Female,50,11.62
Net Migration Rate,Total,Female,55,8.67
Net Migration Rate,Total,Female,60,7.61
Net Migration Rate,Total,Female,65,4.97
Net Migration Rate,Total,Female,70,0.04
Net Migration Rate,Total,Female,75,0.01
Net Migration Rate,Total,Female,80,9.47
Net Migration Rate,Total,Female,85,31.41
Net Migration Rate,Total,Male,0,-4.18
Net Migration Rate,Total,Male,5,-6.05
Net Migration Rate,Total,Male,10,-3.55
Net Migration Rate,Total,Male,15,10.22
Net Migration Rate,Total,Male,20,32.93
Net Migration Rate,Total,Male,25,91.81
Net Migration Rate,Total,Male,30,39.58
Net Migration Rate,Total,Male,35,13.39
Net Migration Rate,Total,Male,40,4.7
Net Migration Rate,Total,Male,45,7.9
Net Migration Rate,Total,Male,50,9.58
Net Migration Rate,Total,Male,55,6.22
Net Migration Rate,Total,Male,60,4.83
Net Migration Rate,Total,Male,65,1.0
Net Migration Rate,Total,Male,70,-0.35
Net Migration Rate,Total,Male,75,-5.19
Net Migration Rate,Total,Male,80,-0.12
Net Migration Rate,Total,Male,85,9.05
Net Migration Rate,Total,Total,0,-3.94
Net Migration Rate,Total,Total,5,-6.29
Net Migration Rate,Total,Total,10,-3.89
Net Migration Rate,Total,Total,15,11.34
Net Migration Rate,Total,Total,20,34.87
Net Migration Rate,Total,Total,25,88.07
Net Migration Rate,Total,Total,30,34.68
Net Migration Rate,Total,Total,35,11.99
Net Migration Rate,Total,Total,40,6.56
Net Migration Rate,Total,Total,45,9.83
Net Migration Rate,Total,Total,50,10.54
Net Migration Rate,Total,Total,55,7.41
Net Migration Rate,Total,Total,60,6.22
Net Migration Rate,Total,Total,65,3.04
Net Migration Rate,Total,Total,70,1.85
Net Migration Rate,Total,Total,75,-1.87
Net Migration Rate,Total,Total,80,5.24
Net Migration Rate,Total,Total,85,22.72
Net Migration Rate,Total,Female,Total,14.22
Net Migration Rate,Total,Male,Total,13.61
Net Migration Rate,Total,Total,Total,13.91
